Experience,Salary,Days_Since_Applied,Follow_ups,Offer_Received
6,206703,53,2,1
3,71348,79,3,0
12,235804,79,1,1
14,41177,4,3,1
10,175832,23,4,1
7,72779,70,3,1
12,61636,88,4,1
4,121889,84,0,0
6,93551,84,0,0
9,182628,76,4,1
2,198670,33,4,0
6,182635,28,3,0
10,86819,8,4,1
10,113770,1,1,1
7,198038,37,0,0
4,230961,63,0,0
3,198059,22,4,0
7,118714,70,2,1
7,229420,21,2,1
2,64596,35,4,0
5,204246,79,1,0
4,104106,5,2,1
1,241039,60,4,0
7,99182,46,1,1
11,127163,50,1,1
13,79310,48,3,1
5,96088,6,1,1
1,168803,89,2,0
15,179978,56,2,1
11,76914,59,4,1
4,150350,29,4,0
0,85379,71,1,0
11,249684,77,0,1
9,208722,18,3,1
5,217953,2,0,0
12,86413,8,1,1
11,177084,75,1,1
8,221187,54,0,0
0,47151,38,3,0
10,97716,48,0,1
10,133747,27,4,1
14,207450,20,2,1
9,213724,12,4,1
15,243502,43,2,1
11,184539,61,1,1
11,202082,31,3,1
15,161999,61,0,1
14,154793,74,3,1
13,225763,67,0,1
13,235229,35,4,1
14,148177,15,4,1
13,52289,16,0,1
2,216048,13,3,0
11,214668,35,0,1
6,194243,75,1,0
3,126365,59,4,1
15,154014,21,1,1
8,215211,54,4,1
2,219785,75,4,0
4,200806,30,2,1
2,112588,48,1,1
6,103646,35,1,1
4,43654,86,2,1
8,58743,38,3,1
6,88368,31,1,1
1,245244,78,0,0
3,177513,24,2,0
8,159735,49,1,1
11,195683,32,3,1
13,159891,55,1,1
1,147971,79,4,0
9,52149,58,0,1
8,140102,3,2,1
9,99189,80,4,1
4,192747,69,3,0
1,111031,85,4,0
3,82668,10,4,0
11,184745,83,3,1
14,247738,25,4,1
11,128204,68,2,1
6,236501,61,1,0
11,194741,29,4,1
12,205140,19,2,1
7,180507,43,1,0
14,223321,66,1,1
2,77384,74,4,0
13,121929,61,2,1
0,167959,43,4,0
3,116153,25,3,1
1,115388,20,1,0
7,71401,48,4,1
3,242903,83,1,0
1,159503,87,2,0
13,167834,24,0,1
5,74084,11,4,1
5,150641,55,4,0
9,145111,28,1,1
3,226898,69,2,0
5,207523,63,3,0
12,178299,59,2,1
14,202982,5,4,1
1,76041,51,3,1
9,128920,21,2,1
11,105681,12,0,1
1,121571,50,1,1
9,236553,4,2,1
13,239648,42,2,1
3,167556,84,0,0
13,235246,38,4,1
14,66160,25,1,1
15,57633,14,2,1
14,57014,75,3,1
7,120532,32,2,1
13,89104,11,1,1
6,212693,61,2,0
11,117231,18,0,1
8,108388,27,2,1
13,56014,55,2,1
7,132578,54,3,1
4,204827,82,0,0
15,80390,87,0,1
12,63711,75,2,1
1,131658,21,3,0
14,97993,44,2,1
4,245768,5,2,0
7,198285,87,1,0
9,228856,41,1,1
8,47421,59,3,1
11,57727,89,4,1
11,152418,54,1,1
11,44358,74,4,1
12,105108,22,0,1
8,134018,83,1,1
12,164457,65,1,1
14,203189,64,3,1
12,71910,71,4,1
0,166888,4,1,0
8,95754,65,1,1
6,233510,15,3,1
8,149847,76,3,1
7,200443,22,4,0
0,222573,86,0,0
11,232018,47,0,1
7,78467,81,2,1
7,188697,46,1,1
14,73893,14,4,1
10,116329,50,1,1
2,71007,20,4,1
0,210604,50,4,0
7,94253,33,4,1
2,52323,59,1,1
2,151335,43,3,0
0,152356,79,1,0
10,150944,12,4,1
4,244451,40,2,0
9,185282,20,0,1
6,56456,38,4,1
9,71367,3,2,1
8,94624,28,3,1
11,181178,56,4,1
6,108008,90,2,1
8,165926,13,4,0
7,155395,77,1,1
11,156492,66,2,1
1,112240,37,1,0
0,104315,49,1,1
15,240321,66,2,1
6,241659,36,0,0
6,50756,54,2,1
13,239083,26,0,1
7,76378,75,4,1
4,175327,72,4,0
2,185556,40,2,0
11,165703,43,4,1
7,96549,22,3,1
5,205575,20,1,0
10,113794,8,1,1
2,85113,29,0,0
0,114069,40,4,0
2,176321,90,0,0
4,190273,30,1,0
14,165541,81,1,1
13,229648,84,4,1
2,49686,55,3,1
0,93363,16,3,0
4,137543,46,4,1
9,171733,62,4,1
6,215915,7,0,0
14,135673,80,4,1
13,232035,45,3,1
6,82828,59,4,1
10,88604,56,0,1
8,50526,48,0,0
14,108910,27,0,1
14,65592,53,0,1
9,68982,87,2,1
9,40207,88,4,1
11,128733,73,1,1
12,164982,35,4,1
2,108619,51,2,1
14,200400,84,0,1
15,86479,37,2,1
6,191175,81,3,0
0,210963,57,3,0
3,181826,8,4,0
12,121437,79,4,1
15,138540,20,1,1
3,112982,53,1,1
13,142747,12,3,1
4,226994,49,0,0
6,88231,17,2,1
6,69301,64,1,1
12,233783,42,1,1
14,212395,29,0,1
10,58752,19,0,1
12,138452,11,4,1
3,184467,50,2,0
12,161237,71,0,1
15,96273,58,1,1
6,131878,34,1,1
10,44895,20,3,1
2,159968,50,0,0
5,155700,88,4,1
11,116559,10,2,1
1,50699,32,4,0
9,236133,52,1,1
12,49715,15,4,1
13,59169,84,1,1
8,158413,3,1,1
4,187235,37,1,0
5,159264,40,1,0
11,45782,72,1,1
11,164481,40,3,1
11,75585,56,4,1
11,70682,23,3,1
3,218936,11,3,0
13,169992,64,0,1
13,124416,8,0,1
10,226186,56,0,1
15,167810,60,2,1
9,78067,10,0,1
6,213757,39,4,0
11,58073,28,3,1
8,76035,49,4,1
6,236049,36,0,0
13,130373,13,2,1
0,123362,36,2,0
0,130517,26,3,0
8,105450,86,4,1
10,50382,4,1,1
13,175509,82,4,1
8,242043,64,0,0
3,235684,38,1,0
12,101929,88,2,1
8,138864,87,3,1
2,183401,22,3,0
6,65169,2,2,1
5,127468,31,0,1
7,74594,11,2,1
10,248029,46,0,1
8,231703,62,1,1
13,85033,69,2,1
4,103133,64,0,0
0,244237,10,1,0
2,113861,40,2,0
9,223362,24,3,1
11,71750,44,2,1
7,80461,60,4,1
14,244872,62,2,1
10,118222,87,4,1
5,152020,17,1,0
15,64226,65,2,1
15,46721,57,1,1
7,227226,55,1,1
8,60609,53,0,1
3,223202,56,1,1
0,170513,9,1,0
13,243981,22,2,1
0,144211,13,2,1
9,226321,89,3,1
3,219967,48,0,0
11,176728,18,1,1
13,164865,76,0,1
6,114520,40,4,1
1,234812,17,1,0
2,104309,15,0,0
0,69984,15,3,0
4,158947,79,3,0
0,244894,63,1,0
7,45901,39,4,1
0,202624,13,3,0
10,71055,81,3,1
0,208757,32,4,0
1,245037,9,0,0
1,185788,40,3,0
11,154099,20,2,1
5,51138,90,3,1
6,206370,85,0,0
4,222184,82,0,0
15,63429,77,1,1
0,90200,80,2,1
0,242380,73,0,0
2,219316,63,4,0
13,141268,76,2,1
1,57347,44,2,1
4,187992,38,4,0
11,71822,83,3,1
9,217731,60,4,1
15,80108,71,4,1
5,168955,48,3,1
15,47967,18,3,1
6,150719,16,3,0
3,51871,55,3,1
6,248524,39,3,0
10,245342,68,4,1
7,204685,59,1,0
10,68179,89,1,1
0,223260,62,0,0
14,95099,13,1,1
5,75262,81,1,1
7,118213,6,4,1
4,157407,83,3,0
3,189340,77,3,0
1,248938,60,4,0
5,126269,90,1,0
5,100545,14,4,1
10,243218,54,0,1
14,243038,4,3,1
15,79922,39,2,1
15,82913,72,0,1
0,137033,25,0,0
8,144792,77,4,1
11,226749,32,1,1
10,220913,59,3,1
5,217404,63,2,0
15,159863,38,0,1
12,196104,53,2,1
2,208918,67,1,0
3,230546,28,1,0
11,84936,3,2,1
10,200866,80,3,1
3,232660,22,1,0
2,242056,38,2,0
9,221403,72,0,1
2,68141,72,2,0
14,180146,62,2,1
2,177478,57,4,0
3,137359,6,1,1
15,163279,78,3,1
6,194363,32,3,0
3,81568,10,4,1
8,137539,3,3,1
0,86851,59,2,1
7,94823,76,4,1
15,63312,49,0,1
6,214180,59,1,1
1,237990,31,1,0
7,205243,69,1,0
0,212851,62,2,0
10,239900,52,0,1
11,138723,89,4,1
8,52411,41,4,1
8,97009,31,1,1
1,186494,85,0,0
6,213540,84,0,0
14,72371,22,0,1
13,97022,4,3,1
9,111229,13,3,1
2,139071,45,1,0
6,222268,42,0,0
11,136774,49,0,1
15,66715,20,4,1
9,67605,77,4,1
15,139853,81,1,1
8,71174,54,0,0
3,181028,36,1,0
11,116373,1,4,1
0,109252,15,4,0
1,233021,77,3,0
0,233718,17,1,0
15,110017,24,1,1
13,103037,58,0,1
11,129818,72,0,1
4,46548,23,3,1
4,156981,46,2,1
15,244366,72,2,1
10,194249,8,2,1
6,64022,59,1,1
8,146297,90,1,1
8,176614,59,4,1
2,100428,13,1,0
2,193812,39,1,0
15,99353,28,1,1
15,153132,89,3,1
2,227604,61,1,0
3,56052,16,0,1
7,140689,2,0,0
5,218148,82,4,0
7,224492,17,3,0
0,171743,30,0,0
7,40163,13,3,1
3,81424,82,3,0
10,224816,13,4,1
0,241403,43,3,0
7,181706,85,1,0
3,175870,21,3,0
5,62420,55,4,1
7,160575,81,4,0
3,69300,40,4,1
13,129881,83,0,1
2,50749,15,1,0
15,144131,73,0,1
13,196193,52,2,1
8,168563,74,1,1
2,77487,53,3,1
8,204433,87,4,0
12,61223,52,2,1
1,112930,30,1,0
15,185128,33,0,1
13,68380,57,4,1
1,66035,52,0,0
1,70620,9,1,0
5,190949,54,1,0
2,226388,1,2,0
15,235113,44,3,1
12,157360,75,0,1
8,93352,80,2,1
3,201983,9,4,0
0,203856,32,3,0
3,43191,15,2,1
0,204232,12,0,0
13,130536,78,1,1
4,144576,57,4,1
15,235713,8,0,1
3,220795,72,3,0
7,43631,27,3,1
15,177244,62,1,1
7,82080,12,1,1
6,130353,65,4,0
2,191353,42,4,0
0,68671,62,1,0
15,162811,11,1,1
0,222503,43,3,0
15,167734,17,1,1
11,199674,32,2,1
10,91399,85,0,0
2,194544,85,1,0
5,220302,40,4,0
6,244688,23,2,1
5,47099,56,4,1
13,196503,6,2,1
13,96492,86,1,1
5,136722,50,0,0
5,218756,37,4,0
12,70111,64,2,1
2,103936,54,3,1
5,193686,72,1,0
7,213063,49,0,0
10,241548,11,1,1
10,100920,88,3,1
1,103530,49,0,0
4,207296,21,3,0
13,47788,66,1,1
0,68082,63,2,1
11,163287,83,1,1
14,129570,28,1,1
15,141015,17,1,1
0,247888,6,4,0
4,123588,19,3,1
11,187603,56,3,1
12,128340,28,3,1
15,134439,66,4,1
2,215929,38,2,0
3,181214,37,1,0
2,155053,68,2,0
15,88355,86,4,1
0,180938,90,3,0
15,241139,49,1,1
0,165426,43,0,0
11,104027,36,0,1
11,228978,58,2,1
13,199210,13,3,1
12,132601,52,0,1
13,69956,58,2,1
4,144797,32,4,0
5,164917,81,2,0
2,166303,60,2,0
11,247367,83,2,1
8,176511,58,1,1
4,218313,56,2,1
7,82533,28,2,1
12,199342,1,1,1
0,118815,42,1,0
13,79279,82,4,1
4,149787,48,3,1
14,194960,40,0,1
2,188702,63,0,0
11,101063,76,2,1
0,167896,72,4,0
3,206216,88,2,0
14,223233,80,0,1
12,248432,4,1,1
4,222051,38,3,0
15,137661,27,4,1
6,178051,9,1,0
0,197261,16,3,0
15,213672,56,4,1
2,230632,76,4,0
15,249112,31,0,1
1,163257,88,1,0
8,232630,14,4,0
9,126205,25,4,1
14,46910,34,3,1
5,228785,67,0,0
9,86857,24,2,1
2,74964,73,0,0
7,196299,26,2,0
13,177050,20,1,1
7,57153,64,1,1
1,99765,10,4,0
15,148212,83,1,1
14,79071,67,4,1
5,152990,24,0,0
6,109519,5,1,1
1,49503,67,0,0
14,231775,58,0,1
10,235451,27,1,1
9,135457,80,0,0
1,228938,15,1,0
9,187977,35,1,1
0,85838,76,1,0
7,165200,53,2,1
0,229351,44,0,0
8,129489,26,3,1
10,66806,47,1,1
5,216072,34,0,0
15,193240,87,4,1
6,110119,50,1,1
12,78714,84,1,1
9,225165,12,3,1
6,95419,87,2,1
9,220217,4,2,1
2,145432,87,1,0
1,248497,48,0,0
8,132949,55,4,1
7,248883,1,4,0
12,173533,89,0,1
11,185363,66,1,1
9,217876,30,4,1
6,116971,3,2,1
8,133471,21,0,1
3,104946,89,3,0
12,138989,84,1,1
3,124080,49,0,0
0,232404,86,4,0
7,117794,85,1,1
15,70841,62,2,1
13,164447,38,1,1
15,160029,15,1,1
13,219830,52,2,1
11,116272,79,2,1
2,77643,46,1,0
6,221480,25,2,0
14,83950,21,0,1
11,227921,88,2,1
1,140500,5,2,1
1,199116,70,1,0
15,165588,47,0,1
6,55997,87,3,1
14,119751,68,3,1
5,138605,18,4,0
2,194983,21,2,0
8,95533,86,2,1
9,122566,23,0,1
14,185643,64,3,1
13,148255,67,4,1
12,229013,40,0,1
5,98005,10,2,1
9,229784,89,3,1
9,83541,52,4,1
5,63387,72,1,1
0,133980,75,3,0
3,219980,61,4,0
9,125457,64,0,0
5,184129,5,1,0
14,104028,53,4,1
5,159246,55,4,0
10,95731,37,2,1
11,195930,56,3,1
4,219761,59,2,0
0,84638,69,1,0
7,217558,73,4,0
4,60567,59,2,1
11,200811,2,3,1
11,97804,65,1,1
11,148821,60,0,1
4,43754,51,2,1
6,67044,30,1,1
3,107260,11,0,1
5,106912,76,2,0
12,48706,39,1,1
15,48894,90,1,1
3,189109,77,2,0
13,123986,72,1,1
14,121942,63,4,1
2,222684,64,2,0
6,69725,61,1,1
7,176998,54,0,0
3,144555,73,0,0
15,49496,58,4,1
12,96447,85,2,1
1,141604,56,1,1
11,200878,34,1,1
9,128199,31,0,1
13,81321,52,4,1
2,236167,89,0,0
0,193728,76,0,0
7,95147,1,4,1
14,131396,55,2,1
2,220738,22,1,0
11,78787,40,2,1
9,234018,1,3,1
6,61727,65,3,1
9,135081,63,3,1
4,162721,54,4,0
9,108056,42,0,0
4,174153,21,2,1
13,205268,79,1,1
6,207807,81,3,0
14,120102,22,2,1
8,196570,38,3,0
11,116865,80,3,1
4,202728,8,1,0
0,107695,62,4,0
9,208972,47,0,1
9,157235,17,4,1
0,218773,17,2,0
14,148777,90,4,1
1,59033,13,2,0
15,181877,17,2,1
13,206923,38,0,1
5,66832,81,1,1
15,234509,78,0,1
8,155725,45,4,0
7,185016,6,2,0
12,59873,35,3,1
4,80372,14,3,1
0,129464,72,2,1
15,186451,61,0,1
12,157322,15,1,1
6,207823,54,0,0
15,140082,27,2,1
14,45110,13,2,1
4,225413,31,1,0
5,52087,35,4,1
12,194834,60,4,1
6,122617,6,1,1
2,140483,69,4,0
11,49596,86,3,1
9,147539,58,4,1
15,58313,49,4,1
2,153175,23,4,0
4,237621,89,3,0
5,154914,34,4,0
8,63705,26,3,1
12,238436,47,1,1
13,113445,5,0,1
11,143892,90,1,1
4,249717,20,0,0
14,42023,6,1,1
0,159654,70,0,0
13,230868,59,0,1
13,120073,64,2,1
13,132197,18,0,1
3,104429,4,0,1
4,144195,17,2,1
11,232699,14,4,1
15,73848,78,4,1
9,208876,13,2,1
9,186451,7,3,1
15,230736,44,0,1
4,67766,15,0,0
6,108099,19,2,1
3,207132,63,2,0
0,109122,35,3,0
13,187159,81,4,1
13,88868,35,1,1
4,159119,19,4,0
6,194297,20,0,0
9,135286,35,2,1
9,46643,32,3,1
5,76727,48,4,1
4,182077,44,3,0
3,149079,24,4,0
1,105697,61,0,0
3,56029,17,1,0
14,185298,71,3,1
9,234718,50,3,1
9,231675,65,1,1
2,199803,32,3,0
9,149458,36,3,1
15,150384,13,4,1
0,108926,70,4,0
7,177069,58,1,1
4,95506,14,0,1
12,118229,37,3,1
3,220887,79,0,0
15,82092,68,1,1
7,102539,40,1,0
15,237149,59,4,1
6,192889,80,3,0
1,208933,16,2,0
0,53428,62,1,0
11,215006,4,3,1
15,181330,45,0,1
15,97775,90,4,1
10,45469,28,0,1
3,68854,66,1,0
7,177328,31,1,0
11,116256,3,0,1
1,205009,8,1,0
2,139134,24,3,0
11,172723,15,1,1
0,221360,43,4,0
0,124730,31,3,0
12,196123,73,2,1
2,67386,45,1,1
10,246126,66,1,1
4,187256,8,4,0
11,73787,71,4,1
2,61621,57,0,0
0,246636,80,0,0
0,117984,30,0,0
7,230864,74,4,1
9,216325,18,0,1
10,74051,69,0,1
11,89811,39,2,1
12,70447,60,0,1
12,168046,43,1,1
11,201326,45,4,1
14,124045,23,3,1
13,156859,69,2,1
1,228490,6,4,0
12,185544,56,4,1
2,43471,4,1,0
1,160312,23,0,0
2,179401,6,1,0
6,205937,32,0,0
0,86850,18,0,0
9,94220,15,4,1
7,133808,40,0,1
12,177469,73,2,1
9,206597,74,2,1
9,93072,84,2,1
9,123820,6,4,1
13,63284,63,1,1
1,232402,67,3,0
2,123369,11,0,0
8,65122,43,3,1
6,170349,17,1,0
3,110553,4,1,1
9,134788,63,4,1
4,102812,68,2,1
1,47999,81,2,0
12,62436,41,1,1
10,82963,83,4,1
12,173168,5,4,1
7,196351,32,0,0
3,148899,86,2,0
8,66201,70,1,1
4,190787,35,3,0
12,200381,22,2,1
8,186150,65,0,0
3,227686,84,4,0
9,45105,22,1,1
4,157666,11,2,0
8,134848,77,3,1
7,42839,3,0,1
15,108920,9,0,1
2,83619,60,2,1
0,82821,76,3,0
2,165736,87,0,0
15,184565,14,1,1
3,57069,18,0,0
1,47531,73,3,0
0,208123,23,4,0
6,178808,74,4,0
15,178782,83,2,1
7,107155,47,3,1
6,185047,69,0,0
13,102424,47,0,1
15,85603,87,4,1
4,194324,30,4,0
11,172503,25,1,1
0,245675,28,4,0
6,208553,25,1,0
12,132573,74,0,1
6,180629,78,1,0
8,246043,58,1,1
2,143302,41,2,0
8,171234,25,4,0
13,205814,78,1,1
0,59675,48,0,0
0,113997,10,3,0
13,188087,75,1,1
3,221129,11,4,0
15,203663,85,2,1
8,180905,21,0,0
5,47896,86,2,1
12,204044,45,3,1
10,89733,7,1,1
2,81800,81,1,1
0,136044,64,4,0
3,45347,64,1,1
11,230135,2,0,1
12,173715,76,3,1
8,80785,42,2,1
2,58681,82,3,0
11,221098,54,1,1
8,143864,75,2,1
6,186964,16,4,0
11,87299,18,3,1
13,57073,59,2,1
14,142304,90,2,1
15,70682,16,2,1
3,164302,6,0,0
2,185361,57,3,0
9,155359,47,2,1
14,178999,48,3,1
15,219402,42,2,1
4,106707,76,4,1
4,248526,60,4,0
2,105428,77,4,0
11,90601,4,1,1
8,248537,2,2,0
3,173611,90,1,0
10,151487,59,3,1
4,193741,27,1,0
3,242040,27,3,0
4,191716,79,3,0
6,189817,72,3,0
15,68228,7,1,1
8,205593,63,2,0
6,162788,46,1,0
12,137239,63,2,1
4,66928,12,2,1
9,58322,13,3,1
9,228786,43,1,1
6,127896,17,2,1
13,102292,63,4,1
14,69055,81,2,1
9,82891,36,4,1
4,121912,85,1,1
2,177660,8,1,0
6,130536,69,1,0
12,46304,90,2,1
10,47345,80,0,0
10,200372,36,2,1
1,195331,28,2,0
14,131006,47,3,1
11,186424,76,3,1
8,169350,30,2,1
9,204437,23,4,1
9,59446,16,3,1
11,42336,14,2,1
0,102032,74,0,0
12,246487,71,4,1
5,137852,52,1,1
6,178593,37,2,0
13,242779,29,2,1
12,194553,67,4,1
7,58474,15,3,1
9,217832,47,3,1
8,95718,46,3,1
1,84629,52,1,1
10,85232,19,4,1
9,126544,77,4,1
1,238241,21,3,0
4,90669,64,3,1
12,249093,37,0,1
4,109184,27,0,1
5,219017,55,2,0
2,53140,29,2,1
7,166468,20,4,1
15,123457,25,4,1
12,54357,70,1,1
0,151672,63,1,0
5,108673,36,0,0
3,161673,2,2,0
0,105633,22,0,0
14,248015,16,0,1
6,136111,18,2,1
8,118258,69,1,1
12,183996,54,2,1
3,109286,30,3,1
3,133269,45,3,0
5,114071,19,3,1
11,228398,87,4,1
14,70651,34,1,1
2,110202,13,1,0
12,88777,43,4,1
11,188066,62,0,0
5,107263,22,3,1
6,230706,52,3,0
10,140158,52,0,1
9,50800,36,2,1
9,77823,73,2,1
2,103878,19,1,1
6,58708,38,4,0
13,183891,70,1,1
2,245977,79,2,0
12,103870,57,0,1
12,49283,20,1,1
1,201645,9,3,0
11,118707,32,3,1
13,202005,4,0,1
9,45774,50,2,1
3,243127,82,3,0
11,182055,5,3,1
7,136468,20,4,1
12,136334,87,1,1
14,58133,75,2,1
8,186011,37,1,0
6,40781,22,2,1
0,154586,58,3,0
2,227772,68,4,0
12,67624,44,1,1
11,46823,34,3,1
13,58489,77,2,1
8,211033,42,1,0
14,69118,9,1,1
11,140417,7,3,1
0,121816,68,1,0
8,193335,19,4,1
7,53565,31,4,1
0,191426,35,3,0
5,214023,57,2,1
4,131179,85,3,1
5,63648,61,4,1
9,221801,31,0,1
11,81971,83,0,1
12,58658,53,1,1
15,61253,32,1,1
12,235238,66,0,1
12,219635,59,4,1
14,197462,10,1,1
4,128664,2,3,1
15,222650,66,3,1
5,143850,60,4,1
4,203730,88,1,0
10,177924,17,3,1
11,173623,16,1,1
4,111947,16,1,1
3,101001,46,3,1
2,220231,39,0,0
2,162775,31,3,0
3,222779,88,4,0
8,73243,1,2,1
1,192872,11,3,0
14,115939,85,1,1
8,97828,4,1,1
0,178311,71,3,0
13,46710,26,2,1
14,192456,50,3,1
14,192110,12,2,1
0,211918,81,2,0
4,238893,75,4,0
5,77991,65,1,1
5,178043,47,1,0
2,200211,53,2,1
15,125445,71,1,1
6,248139,2,0,0
8,120257,24,2,1
10,77711,4,1,1
11,46530,19,0,1
9,51116,26,4,1
15,105794,75,1,1
15,171354,40,0,1
7,172970,50,3,1
5,44135,43,3,1
11,177701,75,0,1
7,149472,67,2,1
11,165147,12,2,1
4,129087,67,1,1
7,236103,27,3,0
9,73380,54,2,1
11,169951,66,2,1
3,57071,49,3,1
9,60074,16,4,1
7,107843,2,2,1
9,79901,60,0,1
11,51205,54,1,1
1,226733,30,2,0
11,164661,84,2,1
11,45906,38,4,1
4,173663,28,0,0
8,165576,25,1,1
3,102987,10,2,0
15,234442,60,1,1
10,120685,42,3,1
5,150454,40,2,0
14,145487,77,2,1
0,94400,42,3,0
8,196222,47,4,1
0,71852,37,2,0
4,213942,80,1,0
3,92756,22,0,0
12,155357,57,1,1
11,159052,84,4,1
15,96481,27,0,1
12,41283,41,1,1
12,73691,80,1,1
13,172197,34,3,1
2,238137,32,4,0
12,66170,90,3,1
5,48438,89,0,0
1,60095,66,3,0
2,187226,12,4,0
15,179076,40,2,1
4,49752,73,2,0
14,95426,76,0,1
8,66819,90,2,1
1,132051,73,3,1
9,195289,10,0,1
7,72994,48,4,1
13,186108,20,0,1
1,248347,39,0,0
10,137756,60,1,1
12,220488,66,1,1
4,180659,65,0,0
6,135665,51,2,1
7,171717,36,1,0
0,202002,24,4,0
5,121835,27,3,1
0,162232,2,1,0
1,201162,31,0,0
15,223214,57,2,1
14,197547,78,3,1
0,189960,66,1,0
10,83732,29,2,1
4,86305,15,2,0
9,217109,12,2,1
14,49346,28,0,1
8,40587,84,4,1
5,52763,24,2,1
10,230237,21,3,1
10,109615,10,1,1
0,207188,78,3,0
12,160987,18,0,1
0,131353,88,0,0
1,135648,14,3,0
8,65556,34,4,0
2,99042,58,0,0
14,58099,76,0,1
0,149089,22,3,0
4,216168,70,0,0
15,243058,36,4,1
6,184302,45,4,0
5,200081,36,4,0
11,242041,22,1,1
0,73866,78,4,1
4,145400,80,4,1
14,124246,61,1,1
4,116975,56,2,1
5,212927,89,0,0
2,121557,33,4,0
4,177488,45,0,0
6,112516,36,3,0
4,226987,20,0,0
4,189130,18,1,0
4,247709,38,0,0
9,211790,67,0,0
9,72602,23,0,1
2,245730,16,2,0
0,249184,59,2,0
4,229139,69,3,0
13,198588,68,1,1
8,169295,21,0,0
13,127969,78,0,1
0,172161,78,0,0
2,208418,70,0,0
12,245735,12,2,1
12,181559,16,3,1
3,40155,81,4,0
13,163950,87,1,1
0,107494,14,0,0
0,116229,61,3,0
7,144648,71,4,1
15,78547,46,3,1
1,68795,32,2,0
11,226368,15,4,1
14,61447,44,3,1
7,207670,17,2,1
6,212886,41,3,0
9,246402,54,3,1
9,127960,44,4,1
1,103278,5,2,0
5,95077,27,0,1
5,152782,87,1,0
2,142932,78,4,0
10,242978,79,2,1
1,180600,43,3,0
11,221172,31,2,1
0,149869,17,1,0
5,179251,83,1,0
11,88781,54,0,1
4,226339,62,0,0
13,195024,87,1,1
13,93798,32,4,1
10,138696,40,4,1
8,90939,13,3,1
0,69516,84,0,0
15,227598,35,3,1
14,181521,5,0,1
14,90290,73,1,1
6,166688,29,4,0
14,126661,70,4,1
4,112954,25,1,1
4,62746,22,3,0
13,107990,66,3,1
1,98810,45,2,0
10,158362,69,0,0
2,186295,89,3,0
6,243309,72,1,1
5,173669,1,3,0
15,236749,84,4,1
11,42659,44,0,1
1,126516,87,2,0
5,114567,75,0,0
1,55037,39,4,0
1,166498,54,4,0
1,217810,88,4,0
13,242750,75,4,1
14,52109,29,1,1
10,62010,54,2,1
2,48787,90,4,0
14,179544,16,4,1
1,194455,20,3,0
3,101709,46,2,1
8,240857,67,0,0
5,74518,65,2,1
0,93909,58,2,1
7,58351,53,2,1
14,240696,1,4,1
11,224402,81,4,1
13,55282,66,1,1
6,192850,29,0,0
9,195336,84,3,1
2,230747,70,2,0
0,45075,8,0,0
4,247020,29,0,0
12,219526,51,1,1
3,68365,33,3,1
9,243838,3,2,1
7,219272,60,3,1
0,51002,35,1,0
9,53947,69,4,1
0,134840,76,0,0
11,156219,84,2,1
3,118610,20,4,1
7,92142,73,1,1
4,96307,39,3,0
1,175565,4,0,0
5,90085,19,2,0
4,74228,45,4,1
1,222947,43,4,0
12,202727,13,0,1
13,83472,13,3,1
10,89437,60,1,1
10,220488,57,3,1
15,99711,86,3,1
10,177888,52,3,1
2,117175,53,0,0
14,104307,86,0,1
8,86733,43,1,1
6,168202,83,3,0
6,135028,72,0,0
15,182312,72,1,1
14,132493,42,1,1
10,165149,90,3,1
5,242435,26,2,1
15,203834,23,3,1
7,48259,43,2,1
3,221211,77,1,0
7,168775,28,0,0
3,54849,9,4,1
7,121768,20,1,1
8,146108,56,0,1
2,129709,83,1,0
15,94869,39,3,1
2,166888,51,2,0
10,103095,12,1,1
12,157886,79,0,1
15,110910,55,3,1
1,63567,78,4,0
12,75292,11,3,1
9,114813,26,2,1
2,137136,42,3,0
2,91631,27,4,0
4,49885,11,0,1
4,230731,38,1,0
1,225378,43,2,0
11,106314,19,4,1
9,105087,64,2,1
12,200237,6,3,1
5,230001,46,2,0
4,238100,42,4,0
5,135998,65,1,1
0,89812,72,1,0
4,221572,59,2,0
8,98643,52,0,1
11,84900,47,2,1
9,214018,7,3,1
13,178923,11,1,1
1,56288,61,1,0
0,112692,68,1,0
13,238652,25,0,1
9,178440,12,0,1
12,125436,26,4,1
10,86403,12,2,1
8,131170,43,2,1
9,49168,51,3,1
8,89879,37,1,1
14,99871,46,0,1
8,72174,53,3,1
5,177653,88,3,0
14,150155,80,0,1
7,111853,13,2,1
13,104046,89,1,1
10,89678,54,2,1
14,66649,57,3,1
15,167795,4,1,1
12,128668,75,4,1
0,185639,49,3,0
9,129906,7,2,1
3,136019,11,2,1
0,233016,54,2,0
7,118002,87,0,0
0,68803,45,3,0
2,189302,23,1,0
12,188934,28,2,1
3,214427,57,2,1
14,202331,26,0,1
14,70795,25,1,1
14,48770,54,3,1
7,51093,29,4,1
5,217643,83,0,0
13,171265,36,3,1
9,140311,14,4,1
11,57569,78,2,1
6,51190,35,2,1
13,102824,30,1,1
7,213824,17,4,1
1,203399,67,2,0
12,82070,80,2,1
9,80197,30,1,1
13,42261,45,3,1
10,197584,79,2,1
7,177788,89,0,0
2,126795,51,0,0
6,68933,47,3,1
2,175450,53,4,0
14,80583,64,1,1
6,152082,38,0,0
13,125371,64,0,1
10,200105,87,3,1
14,195072,89,4,1
11,151032,7,4,1
12,246940,22,3,1
1,82604,81,0,0
9,239408,82,1,1
5,135074,41,0,1
2,113869,74,4,0
2,45410,10,0,0
14,123375,57,1,1
15,227116,7,2,1
8,234387,50,0,0
6,136055,52,3,1
4,242416,33,2,0
11,177868,1,3,1
9,126716,53,3,1
6,94245,60,3,1
8,83056,34,0,1
0,188781,4,4,0
6,98557,17,2,1
5,57543,4,1,1
9,208490,43,4,1
13,136038,90,0,0
11,187796,4,3,1
8,43828,1,1,1
0,156656,71,2,0
12,57087,50,4,1
3,183677,73,4,0
8,71337,61,1,1
3,176554,35,0,0
9,105333,8,2,1
2,222024,24,1,0
8,176535,83,3,0
12,110448,36,2,1
1,44648,50,4,0
14,170576,43,1,1
3,73623,27,4,1
14,230228,32,4,1
5,75634,78,4,1
1,215674,18,0,0
14,154598,28,4,1
7,89334,29,3,1
7,108648,16,3,1
0,62054,47,2,1
11,110028,59,4,1
2,62207,31,4,0
9,121554,4,1,1
8,192458,37,0,0
4,123276,17,2,1
5,230590,39,4,0
3,92781,48,1,1
9,223852,46,0,1
15,232512,90,2,1
1,215271,48,2,0
10,101035,39,4,1
7,48210,4,2,1
10,84363,30,1,1
12,118279,30,2,1
5,231420,22,3,0
4,226356,75,1,0
8,243196,66,0,0
0,239919,12,0,0
4,193504,36,4,0
5,235161,18,4,0
4,226470,90,3,0
5,174393,53,0,0
5,121348,71,0,0
6,208455,1,0,0
15,153816,58,0,1
3,249754,90,2,0
13,163053,87,1,1
10,223965,90,1,1
13,206892,6,3,1
13,106262,70,2,1
13,174832,44,0,1
14,193262,72,0,1
7,107411,24,4,1
6,63377,86,4,1
8,217809,19,3,0
6,240641,18,0,0
2,78211,30,3,1
2,43744,42,2,1
14,64995,33,1,1
7,188049,74,0,0
4,74542,12,2,1
3,50651,27,0,0
7,139239,39,4,1
14,118931,9,3,1
5,142112,21,4,1
1,56715,76,1,0
3,215481,29,4,0
11,195378,33,0,1
10,190158,62,4,1
3,185448,15,0,0
14,101350,2,1,1
5,111425,52,4,1
5,207708,44,3,0
0,126120,54,3,0
13,154889,18,3,1
7,222721,3,4,0
5,205682,7,4,0
2,181130,43,4,0
13,114637,82,0,1
8,249105,38,1,1
1,110194,37,3,0
14,116917,58,0,1
10,104200,33,3,1
7,145848,59,0,0
9,146022,11,4,1
2,217691,68,3,0
12,188226,82,4,1
11,190611,68,3,1
4,100058,88,2,1
5,102068,22,0,0
9,248385,66,2,1
5,139932,44,0,0
3,201445,6,1,0
2,204226,42,3,0
3,177103,25,1,0
0,243047,57,1,0
3,62785,85,0,0
0,250000,55,2,0
11,199741,16,4,1
14,134475,14,0,1
0,42282,39,4,0
9,205696,28,1,1
13,219510,51,4,1
15,107534,49,2,1
5,202777,9,0,0
4,209316,58,2,0
13,114964,45,2,1
10,208509,22,0,1
14,248944,32,2,1
3,245950,69,3,0
12,159006,87,3,1
10,244054,69,3,1
2,90583,42,4,0
0,78392,53,2,0
5,47461,59,0,1
1,140123,74,0,0
7,50516,39,4,1
9,188586,15,0,1
4,161251,71,3,0
6,207340,29,2,0
9,207860,3,0,1
11,246821,83,0,1
1,232121,10,1,0
12,102493,29,1,1
7,76027,79,1,1
1,133547,35,2,1
3,213921,6,3,0
0,140127,12,3,0
14,188930,38,3,1
4,119003,77,2,1
8,223467,19,2,1
0,79758,67,1,0
8,94312,8,0,1
10,108670,8,4,1
14,122279,84,4,1
7,55434,47,0,1
5,235119,4,1,0
6,218847,51,0,0
2,115769,85,0,0
13,106677,67,4,1
14,123555,45,1,1
0,168379,8,2,0
4,216806,87,4,0
13,141665,16,2,1
11,211675,77,1,1
11,247780,67,0,1
1,108803,9,3,1
13,210404,60,3,1
4,131703,78,1,1
7,61312,77,3,1
10,215251,71,2,1
8,242514,15,3,0
1,157961,71,1,0
11,80379,41,1,1
2,57297,22,2,0
2,42011,24,3,0
0,160234,44,3,0
7,84014,1,0,1
15,182810,10,4,1
5,134333,80,1,1
11,218570,72,0,1
15,51120,56,1,1
12,179839,89,0,0
7,62852,50,4,1
10,119239,12,0,1
8,172001,89,1,0
4,248559,81,3,0
13,131575,60,1,1
11,135040,26,2,1
13,188510,78,2,1
2,219587,41,2,0
4,45744,36,2,1
4,213489,23,4,0
4,178141,43,3,0
2,82359,6,3,1
10,190871,69,1,1
13,138746,43,0,1
9,160906,25,1,1
13,241260,18,1,1
3,47597,62,1,1
8,87093,13,1,1
12,208298,43,3,1
9,243199,78,0,0
8,154650,28,1,1
1,248434,18,3,0
7,197489,59,1,1
7,189765,60,2,1
6,160956,63,1,0
7,155598,57,1,1
13,224233,51,4,1
15,173241,56,2,1
2,193124,27,0,0
12,242921,32,1,1
5,244923,9,0,0
0,48036,84,2,0
6,71778,68,1,1
14,198806,46,4,1
14,194245,67,3,1
0,201475,26,4,0
8,237393,8,4,0
0,242747,6,3,0
0,177416,80,3,0
14,58800,24,3,1
6,65372,48,1,1
1,101516,45,0,0
13,60538,13,0,1
4,103918,69,3,1
7,186045,25,4,0
7,111155,20,2,1
2,99500,82,3,0
6,207647,82,4,0
2,213333,66,4,0
5,150659,74,1,0
5,67716,45,1,1
2,174308,47,0,0
6,186920,63,0,0
2,42352,76,2,0
7,173004,77,2,0
9,116449,55,2,1
15,48556,75,2,1
3,126836,19,4,0
14,176570,35,4,1
14,247190,53,0,1
12,90098,26,1,1
0,235458,14,1,0
3,152169,45,3,0
13,180641,44,4,1
6,166060,88,2,0
10,227954,65,2,1
3,241465,51,3,0
12,170544,43,1,1
5,40340,86,2,1
8,215021,23,1,1
0,122302,56,3,1
12,233515,19,1,1
4,245099,82,1,0
10,40138,76,1,1
6,171430,55,2,0
0,159619,60,0,0
13,246322,59,4,1
3,125376,33,1,1
5,139931,19,1,1
1,201726,28,1,0
9,196951,52,0,1
4,121532,49,3,1
10,95778,37,2,1
9,77772,26,0,1
0,98478,40,1,0
5,235425,80,0,0
5,66762,38,0,0
12,184355,77,0,1
14,234994,87,3,1
14,210492,54,4,1
3,95568,22,2,1
12,125090,16,3,1
7,60219,28,3,1
3,97169,35,4,0
7,114965,60,3,1
14,217912,45,0,1
12,215767,46,0,1
7,124754,72,1,1
4,117988,55,3,1
12,229414,86,1,1
14,190023,85,2,1
3,172379,26,0,0
11,120388,85,2,1
12,130768,25,4,1
1,75428,65,0,0
10,132021,6,2,1
14,158418,23,4,1
2,246846,64,2,0
2,210047,87,4,0
3,172212,43,4,0
3,195914,23,0,0
9,66421,30,1,1
10,41708,77,4,1
10,174702,18,4,1
4,190667,87,0,0
3,116021,79,1,1
10,199380,21,3,1
13,84789,57,3,1
9,226762,23,1,1
7,66086,45,2,1
5,56859,44,0,0
5,47684,82,1,1
7,131088,88,3,1
6,172279,47,4,0
14,86099,40,3,1
9,238568,51,4,1
13,106093,42,0,1
10,200761,7,4,1
11,88651,50,1,1
9,53893,48,4,1
12,106418,84,2,1
7,165074,6,1,0
13,143065,9,0,1
1,170351,57,1,0
8,231083,31,2,0
0,78635,21,0,0
14,227187,90,3,1
7,135071,40,2,1
11,249477,45,0,1
10,243774,77,4,1
11,118518,49,1,1
11,146233,87,0,1
3,143651,20,1,1
15,112805,17,4,1
3,230026,28,0,0
4,199136,41,3,0
7,162813,66,2,0
4,119063,25,0,0
7,42454,58,4,1
14,60878,41,0,1
9,222170,6,1,1
0,233226,75,0,0
11,184063,38,3,1
14,108344,6,0,1
9,144946,45,2,1
8,76593,75,0,0
5,76304,14,1,1
2,201458,66,0,0
12,226292,40,3,1
13,153613,3,4,1
7,240410,24,0,0
8,192155,19,0,0
5,58354,18,2,1
10,62190,64,3,1
6,46142,88,4,1
0,199470,35,1,0
13,223043,62,0,1
4,81862,1,4,1
4,224482,25,1,0
9,190575,45,3,1
13,165438,49,3,1
3,88456,89,4,1
5,140167,16,1,1
6,122035,19,3,1
8,48016,23,4,1
0,42384,83,3,0
14,233392,25,3,1
5,186144,16,3,0
6,142239,54,2,1
2,151431,73,1,0
7,120018,1,4,1
14,80510,42,4,1
4,220005,19,1,0
14,61826,34,1,1
8,108026,80,1,1
4,161668,55,1,1
8,196590,18,0,0
9,64045,34,4,1
3,221948,89,0,0
8,130102,45,3,0
4,91919,6,3,1
9,139441,21,4,1
8,198175,70,3,0
2,207260,48,1,0
14,176917,39,0,1
3,207746,31,1,0
8,158325,10,3,0
9,59337,30,0,1
10,193385,18,1,1
5,198015,60,4,1
1,117949,88,1,0
6,40276,73,3,1
1,91151,15,0,0
10,188683,4,4,1
1,183016,63,0,0
10,92887,40,4,1
0,121442,9,0,0
15,89847,9,3,1
10,98653,26,4,1
10,96622,4,2,1
11,67810,81,0,1
10,117842,16,0,1
2,162225,15,1,0
5,50503,52,4,1
7,124761,69,2,1
8,208048,5,3,1
6,166439,20,1,0
3,51590,79,2,1
5,181958,18,4,0
4,183938,2,2,0
7,106624,13,0,1
0,239971,4,0,0
0,203864,42,1,0
12,180836,74,4,1
14,160356,61,4,1
10,82727,8,2,1
5,118471,67,1,1
9,48068,63,4,1
11,156923,9,0,1
1,178367,11,2,0
4,212232,42,3,0
0,51390,13,0,0
6,146752,36,1,1
0,191203,13,4,0
3,134754,12,0,0
8,115969,37,3,1
0,186110,74,3,0
3,223399,73,1,0
5,117064,52,0,0
5,61281,71,2,0
11,94189,2,0,1
14,88511,56,3,1
12,162115,60,1,1
7,48605,23,1,1
0,140318,40,2,0
6,172453,64,1,0
0,237706,85,1,0
15,59810,23,1,1
12,195394,29,1,1
13,81869,78,1,1
6,72955,90,3,1
2,101388,51,0,0
10,50207,69,4,1
7,238700,89,1,0
2,199292,31,4,0
13,245157,50,4,1
15,62031,20,3,1
13,241793,55,1,1
12,120807,81,4,1
0,111312,2,1,0
12,99766,25,2,1
12,183521,13,2,1
13,129833,70,2,1
15,227771,67,4,1
7,151041,58,2,1
2,156185,82,3,0
1,217164,75,3,0
0,234743,84,4,0
13,50350,64,1,1
2,140859,69,0,0
14,108487,83,1,1
1,188694,86,1,0
1,163853,59,1,1
5,241335,60,1,1
11,93117,83,0,0
0,229466,62,2,0
1,141084,16,1,1
13,63782,88,3,1
5,68454,68,4,1
2,107904,15,4,1
14,169936,89,3,1
3,186664,55,1,0
0,193245,35,0,0
7,204276,55,2,1
12,206668,14,4,1
6,205396,49,2,0
6,162258,83,0,0
2,151668,7,4,0
15,232274,30,2,1
9,164184,83,0,0
9,201822,49,2,1
2,247184,89,1,0
13,56566,16,0,1
1,178262,51,2,0
11,78333,72,1,1
0,161929,82,1,0
6,129571,80,0,0
6,160263,83,3,0
11,172661,42,4,1
15,65235,17,0,1
1,40159,63,1,1
6,183217,45,1,0
12,202993,77,0,1
7,144859,7,3,1
0,187309,27,4,0
8,147507,10,2,1
6,179316,34,0,0
2,54743,36,4,0
7,86101,25,4,1
6,161534,6,1,0
10,124227,24,2,1
14,227450,18,0,1
12,111126,87,1,1
7,96071,6,1,1
5,242193,29,3,0
8,114763,25,4,1
14,183309,55,0,1
4,186721,81,0,0
2,208785,46,0,0
2,244535,24,1,0
0,216481,75,3,0
11,219838,26,2,1
14,86154,28,1,1
7,47016,3,2,1
1,219760,75,3,0
2,129678,38,4,0
15,152056,61,0,1
7,94238,78,2,1
13,98608,51,1,1
15,129081,90,2,1
7,202969,48,4,1
13,90961,21,0,1
10,239775,54,2,1
15,215829,56,4,1
3,66917,59,1,1
3,193808,72,3,0
4,67990,51,1,1
5,102551,20,0,0
4,229233,86,1,0
13,193512,59,1,1
14,206277,71,1,1
6,120811,9,1,1
15,95103,1,0,1
1,241884,29,4,0
6,212699,63,2,1
9,146122,72,3,1
6,59008,56,2,1
0,242346,68,2,0
6,72402,35,3,1
4,224456,3,0,0
2,176865,7,3,0
15,176643,27,0,1
12,187281,1,2,1
2,153550,80,0,0
3,214220,71,4,0
12,131218,44,3,1
11,173296,87,4,1
1,219767,41,2,0
1,160779,75,3,0
0,169714,42,2,0
14,72441,33,4,1
4,210201,50,2,1
3,102368,63,3,0
10,132122,37,3,1
9,84760,59,2,1
14,63478,81,3,1
1,167881,48,3,0
2,111854,5,2,0
6,134230,48,4,1
6,125716,3,3,1
11,183252,47,3,1
3,138538,62,3,1
4,55372,14,3,1
4,69796,63,2,1
5,229344,61,4,0
15,138826,31,4,1
13,160592,17,0,1
8,133635,24,3,1
1,151022,23,3,0
4,94040,82,0,0
11,115357,50,4,1
2,242440,78,1,0
3,118356,79,1,1
9,56211,79,4,1
5,145426,70,3,1
11,45842,27,1,1
7,234187,15,2,1
0,106852,50,2,1
9,165737,36,0,1
13,85968,8,4,1
7,57508,79,4,1
10,193077,3,1,1
13,94575,62,3,1
6,190043,47,4,1
15,196671,77,1,1
15,106914,88,1,1
0,107055,61,4,0
1,127697,32,1,1
2,146239,13,0,0
0,163106,1,0,0
13,45355,34,4,1
8,94120,62,3,1
7,245691,79,0,0
1,78342,78,0,0
12,249932,82,4,1
8,42257,71,2,1
6,67364,31,1,1
8,196044,64,0,0
5,151715,25,2,0
5,66654,38,3,0
10,121423,14,2,1
13,69320,8,4,1
3,60808,54,3,1
9,92389,2,3,1
9,158581,81,2,1
12,167927,78,4,1
12,74773,89,0,1
1,222240,56,2,0
6,198819,84,0,0
4,116396,85,2,1
10,147692,61,0,0
5,97505,22,2,1
1,125896,35,3,0
15,58135,16,1,1
4,130887,50,3,1
9,162118,43,0,1
3,87377,17,4,1
8,194626,80,3,0
5,102491,58,1,1
1,226693,2,0,0
0,98283,4,3,0
4,56923,85,2,1
8,87591,39,4,1
5,102261,6,0,1
9,94336,81,3,1
11,114083,89,0,0
6,100948,69,2,1
4,204074,69,1,0
9,244088,20,3,1
5,66672,64,0,0
4,44213,16,0,1
10,181365,51,0,1
8,226932,37,1,0
14,102507,73,0,1
5,97134,69,4,1
10,173172,42,4,1
7,233069,57,0,0
1,68172,66,4,0
11,60132,9,3,1
12,58199,86,4,1
8,76609,64,0,0
4,214037,86,2,0
6,179088,22,3,0
9,210851,34,1,1
12,71881,55,0,1
0,64472,29,1,0
9,222885,38,2,1
4,207093,18,1,0
11,94131,71,0,0
13,195159,65,0,1
9,52828,1,2,1
13,232682,88,0,1
15,136664,4,2,1
1,172473,4,2,0
11,55193,82,0,1
5,215936,27,4,0
10,191379,43,2,1
0,142518,59,0,0
2,59611,32,4,0
4,214863,33,2,0
3,183022,28,4,0
2,116240,55,3,0
9,248475,60,3,1
12,42745,70,4,1
4,95243,62,2,1
10,43866,80,0,0
7,203317,34,1,0
10,215796,87,0,0
15,168681,88,1,1
3,111354,56,1,1
0,91374,13,2,1
10,154397,56,4,1
6,164577,18,0,0
7,201188,54,4,1
2,121029,77,3,0
5,133574,43,2,1
1,191519,39,2,0
6,70431,61,3,1
14,188980,42,0,1
7,69336,81,3,1
5,80992,79,0,0
5,95350,18,1,1
4,109561,23,2,0
7,91955,54,0,0
0,101240,30,4,1
9,191165,58,4,1
3,177227,68,2,0
14,86607,67,3,1
3,204559,71,3,0
2,226740,18,0,0
2,192035,7,3,0
3,221196,40,2,0
10,92870,70,0,0
0,227619,86,1,0
13,104110,65,3,1
10,224626,68,3,1
12,192008,49,0,1
10,156895,52,4,1
1,44426,29,3,0
8,67606,21,2,1
9,218904,90,3,1
1,68151,78,1,0
4,51308,9,3,1
8,233594,47,4,1
8,216743,76,3,0
7,130306,42,0,1
0,146984,51,3,0
0,42204,56,4,1
8,132769,51,0,1
12,127265,70,2,1
10,71131,20,0,1
7,92428,88,1,1
9,73870,27,0,1
8,143547,38,2,1
6,89067,72,3,1
2,229657,65,0,0
2,152217,54,0,0
1,192679,24,0,0
4,196040,47,0,0
11,138934,71,2,1
11,182980,83,4,1
2,197495,86,4,0
13,114707,63,0,1
5,249329,57,2,1
1,101215,55,2,1
11,226907,60,0,1
2,89429,62,1,0
4,122152,30,0,0
11,148048,22,1,1
10,209530,75,0,1
10,217241,84,1,1
0,178731,29,1,0
12,231686,41,0,1
0,117240,42,1,0
9,203865,65,3,1
8,153688,31,4,0
6,86473,30,2,1
0,136762,18,1,0
14,146956,17,1,1
11,158452,38,2,1
13,226823,14,1,1
15,166311,87,2,1
7,249987,89,0,0
2,225326,79,3,0
7,47006,56,3,1
14,114218,22,4,1
4,236416,67,1,0
0,204912,56,4,0
6,72430,19,0,0
4,63091,57,3,1
5,204055,44,0,0
15,63989,35,0,1
5,115451,1,1,1
7,58990,52,0,0
8,130270,85,3,1
1,120360,70,4,0
8,76081,37,3,1
11,182105,65,1,1
14,148272,51,3,1
10,56241,1,2,1
9,164932,21,4,1
8,45939,53,2,1
12,153000,16,2,1
9,218634,61,1,1
14,75063,54,0,1
15,247793,40,2,1
9,198117,26,3,1
15,215841,80,0,1
6,87118,65,3,1
0,124703,74,3,0
6,192697,64,0,0
9,168557,43,0,1
4,67076,17,3,1
5,235877,59,1,1
9,84605,23,4,1
6,124565,7,4,1
13,79121,44,1,1
14,236173,53,0,1
4,71433,71,3,0
6,83309,79,4,0
8,107468,34,3,1
2,215326,46,1,0
15,107293,68,3,1
7,136258,78,1,1
1,208925,78,0,0
10,78405,16,1,1
6,237724,71,1,0
12,83527,19,4,1
1,117227,2,3,1
14,171564,10,4,1
13,179883,50,2,1
3,133344,81,1,0
6,195344,12,2,0
2,243082,70,4,0
1,87153,22,3,0
10,148042,32,4,1
9,94110,84,3,1
6,185051,1,3,0
0,68328,54,0,0
13,152911,58,1,1
14,52867,70,4,1
7,99234,83,3,1
2,65851,18,4,1
11,71279,6,4,1
11,113402,45,3,1
12,55449,23,2,1
1,116221,23,1,1
2,129080,26,1,0
4,45451,77,0,0
10,127178,7,0,1
7,212388,79,0,0
9,234136,44,1,1
6,103761,27,2,1
6,78870,26,1,1
11,136566,79,1,1
6,163749,36,1,0
14,163765,55,1,1
7,164881,64,2,0
0,201945,57,0,0
3,168389,69,4,0
12,229699,61,0,1
5,237227,2,0,0
8,65372,55,4,1
12,43642,80,1,1
1,199073,87,2,0
0,74064,38,2,0
15,54122,80,0,1
12,195892,78,4,1
9,108431,29,3,1
11,95745,26,1,1
13,90081,35,0,1
1,241974,79,2,0
6,179783,67,4,0
2,189865,87,4,0
9,179271,29,0,1
1,116253,34,3,0
13,76191,41,2,1
10,50211,41,0,1
6,151086,23,3,0
12,234141,71,4,1
12,227818,3,1,1
1,192614,58,2,0
15,202384,32,2,1
15,216314,31,3,1
2,141971,82,0,0
10,133783,43,4,1
6,165681,7,3,1
13,127893,1,1,1
3,226460,61,1,0
12,198763,14,1,1
13,117960,52,3,1
0,124388,6,4,0
12,62601,10,2,1
13,189092,71,0,1
4,179227,90,2,0
11,240191,30,4,1
8,207849,21,2,1
15,59710,60,3,1
7,148714,81,1,1
11,195604,74,4,1
14,168727,63,4,1
8,189673,42,2,0
9,103227,51,3,1
13,176039,64,2,1
8,124289,76,2,1
14,191094,56,4,1
6,214535,80,2,0
3,245743,41,1,0
4,45722,32,2,1
0,198485,15,1,0
13,121050,62,4,1
0,123596,27,3,0
2,106732,28,1,0
12,183369,81,3,1
13,108323,64,3,1
7,63816,59,1,1
13,80695,58,4,1
1,190774,2,0,0
3,196314,36,3,0
1,95841,71,3,0
13,168498,13,4,1
4,238784,15,4,0
8,147096,89,2,1
15,132764,87,4,1
0,224646,60,3,0
4,125744,22,1,1
13,68482,63,0,1
14,49171,90,2,1
8,140755,75,1,1
14,148125,74,0,1
0,170722,25,0,0
8,146082,48,0,1
7,43696,43,1,1
3,166310,38,2,0
11,191130,41,2,1
10,191385,45,0,1
9,59149,88,1,1
4,170064,40,0,0
12,93521,17,4,1
4,85740,88,2,1
10,146611,57,3,1
11,176028,2,0,1
5,246803,62,4,0
6,106641,88,2,1
7,103811,9,1,1
14,223232,68,2,1
13,222385,81,1,1
7,103232,17,1,1
10,55417,50,0,1
13,195801,40,0,1
12,152492,58,2,1
1,70099,75,4,0
8,201033,85,2,1
6,183674,21,3,0
3,158474,18,1,0
3,49256,55,1,1
10,74681,29,0,1
7,131328,24,4,1
3,235861,74,0,0
12,83361,17,3,1
14,235575,18,2,1
5,74540,42,2,1
4,197608,84,4,0
2,124700,45,0,0
12,234115,82,0,0
13,118532,17,3,1
9,227647,73,2,1
10,167626,14,0,1
1,173943,49,4,1
8,86002,29,2,1
9,89812,4,3,1
8,193698,82,4,0
0,231051,20,1,0
9,247129,47,3,1
2,148946,9,4,1
7,106668,77,0,0
5,139003,79,1,1
4,82998,27,3,1
4,234886,15,0,0
5,144601,19,1,1
14,216679,90,2,1
6,47812,52,0,1
0,101844,26,4,0
8,241165,89,3,0
2,173251,26,1,0
3,214870,26,0,0
9,114601,46,2,1
0,179347,49,3,0
12,221646,82,3,1
10,87857,53,0,1
9,165555,3,2,1
2,60700,66,1,0
1,210536,42,0,0
1,213423,19,1,0
13,133330,17,3,1
0,184941,33,1,0
7,231387,76,2,0
2,192026,49,4,0
15,202627,56,2,1
2,103353,63,1,0
5,216098,3,0,0
12,140772,49,3,1
7,218048,55,4,1
12,131502,26,0,1
14,153943,72,0,1
8,149850,52,2,1
8,85095,7,1,1
3,185342,46,2,0
13,201980,46,1,1
4,55523,16,2,1
1,102433,24,0,0
10,218140,61,3,1
8,59991,54,1,1
7,50775,62,4,1
2,248873,1,4,0
10,124995,49,0,1
11,232322,25,2,1
12,187745,10,2,1
8,162808,80,0,0
2,198128,16,4,0
8,177686,58,4,1
1,47415,72,2,0
11,214956,29,1,1
9,188036,6,3,1
8,208798,16,1,0
14,77044,20,4,1
7,228221,80,1,0
8,208616,71,3,0
4,89976,78,1,1
10,203324,43,1,1
10,43832,26,1,1
1,74148,90,1,0
7,232312,78,0,0
11,152230,71,4,1
14,125076,33,3,1
5,248188,26,4,0
7,224531,45,0,0
10,78402,84,0,0
4,228799,63,0,0
15,78578,67,0,1
9,130453,52,1,1
1,193390,68,4,0
5,115715,26,2,1
4,248859,75,3,0
11,151435,2,0,1
15,191538,14,4,1
12,135742,30,0,1
11,85475,49,0,1
4,100142,12,0,1
12,197636,90,0,1
0,193484,44,0,0
1,133526,33,3,0
7,91001,13,4,1
12,97649,78,0,0
15,232029,88,0,1
13,206589,26,0,1
12,184228,21,0,1
2,194136,28,1,0
9,65711,48,1,1
2,70106,40,2,0
7,105458,66,0,0
7,187661,73,2,0
1,170429,87,3,0
7,141754,79,2,1
10,178286,77,4,1
12,166479,23,1,1
12,198199,81,1,1
0,176213,48,0,0
5,68884,2,0,0
7,42708,84,3,1
2,58375,20,3,0
15,55088,59,4,1
7,97615,46,0,1
11,150138,3,0,1
0,216118,55,3,0
10,50014,12,3,1
10,235497,40,3,1
15,174345,66,1,1
8,218207,78,2,1
12,142842,16,2,1
10,201953,83,0,0
12,118077,34,1,1
8,179784,44,3,0
4,245776,6,0,0
9,92874,77,1,1
3,109087,64,4,1
14,52297,22,1,1
10,67128,18,0,1
5,108368,12,2,1
11,118958,52,3,1
6,72920,51,4,1
4,182228,71,1,0
10,182180,48,0,1
12,202917,19,0,1
9,173872,6,3,1
8,213784,84,0,0
2,173682,27,0,0
14,117603,53,3,1
6,73872,48,4,1
9,50728,7,2,1
9,135102,59,2,1
15,162049,69,1,1
10,60583,11,4,1
4,125774,15,1,1
13,178335,64,2,1
6,166374,3,3,0
14,238522,69,0,1
1,190528,23,2,0
3,131118,53,4,1
1,105942,37,2,0
13,53689,9,4,1
12,204006,15,4,1
12,73276,3,4,1
11,141968,70,1,1
6,190945,17,3,0
1,53050,26,2,0
15,106216,21,3,1
12,124040,72,0,1
13,61644,21,2,1
10,102021,11,3,1
0,208197,38,3,0
8,237971,72,0,0
0,82291,88,4,0
7,206132,35,2,1
14,172610,14,2,1
1,207248,14,0,0
11,81520,10,4,1
15,65675,12,2,1
7,189359,38,2,1
12,40174,34,2,1
2,132268,41,4,0
15,74998,10,0,1
5,224384,17,2,0
2,183184,17,3,0
13,145410,67,4,1
6,115225,62,1,1
9,84814,1,0,1
8,125091,12,3,1
15,90719,4,2,1
1,169887,42,1,0
14,73919,13,0,1
11,113155,85,4,1
11,111569,86,1,1
14,81328,4,1,1
13,241554,82,3,1
4,64618,69,0,0
12,74675,19,3,1
5,58919,2,3,1
3,44173,12,2,1
3,149369,81,4,0
15,66400,74,1,1
3,221517,6,0,0
1,110305,8,4,0
3,208636,51,4,0
10,216886,11,0,1
15,128791,63,4,1
0,199034,57,2,0
11,110533,12,4,1
5,227256,73,2,0
0,143591,2,1,0
9,181650,8,1,1
5,171060,11,3,0
0,189696,53,2,1
5,79194,10,1,0
9,149903,85,4,1
7,171461,84,0,0
10,139303,8,0,1
1,153903,36,2,0
1,107391,76,3,0
13,184866,14,4,1
15,98002,54,2,1
14,75531,85,0,1
12,223887,86,2,1
11,44986,21,4,1
3,72298,50,1,1
10,41481,39,4,1
2,96408,20,1,0
3,240339,88,1,0
12,161950,87,1,1
11,187907,7,2,1
6,165355,9,0,0
12,67798,1,2,1
10,131649,26,0,1
0,104887,38,4,0
5,59477,38,3,1
14,188338,61,4,1
14,167815,44,2,1
15,214598,86,2,1
2,167426,44,0,0
10,182961,74,2,1
9,64335,62,1,1
6,182326,6,2,0
9,126610,17,0,1
1,51442,51,0,0
13,86289,38,1,1
1,93747,24,0,0
12,77327,51,3,1
3,187271,10,4,0
0,112827,72,2,0
2,146464,21,3,0
12,171184,70,2,1
8,127051,85,3,1
6,190653,57,2,0
14,99722,39,1,1
6,132036,88,0,0
12,187595,33,0,1
12,106960,59,1,1
10,59552,18,3,1
3,181880,56,4,0
15,243597,57,3,1
1,194692,76,0,0
14,40887,48,4,1
13,71802,42,2,1
3,125024,27,4,1
5,158639,74,3,0
10,158248,52,1,1
10,121938,42,2,1
2,162746,32,3,0
0,66049,26,2,0
13,117789,25,4,1
11,124526,75,0,1
7,178918,23,3,0
11,86220,57,1,1
12,86163,52,4,1
4,174837,87,3,0
14,157126,31,1,1
15,121486,64,3,1
4,216342,71,4,0
10,115277,33,3,1
3,144245,85,2,1
5,162332,2,4,0
2,62931,18,3,1
8,129116,47,0,1
4,95633,33,3,0
2,91913,84,2,1
10,134776,35,1,1
0,65991,51,1,1
9,225917,18,1,1
11,144092,88,0,1
5,226384,72,2,0
14,181633,30,4,1
1,187973,44,1,0
12,135556,53,2,1
2,102875,10,3,0
15,196989,87,0,1
0,102120,52,2,1
8,173060,49,2,1
7,150041,11,4,0
11,168467,66,2,1
1,185328,58,4,0
14,158490,90,0,1
11,166155,36,0,1
15,68230,33,3,1
10,99778,47,4,1
7,85833,13,4,1
11,62625,40,1,1
13,72088,89,1,1
8,212239,68,3,0
0,143937,42,0,0
12,242363,19,1,1
4,236375,82,2,0
7,116361,19,0,1
14,128229,58,2,1
10,175189,23,4,1
13,130265,54,0,1
1,137718,80,3,0
3,100710,65,4,0
6,134876,12,4,1
2,238126,24,2,0
12,70949,34,4,1
15,193619,53,1,1
11,108136,8,0,1
4,151541,18,1,0
7,235691,57,2,1
11,101842,5,2,1
9,66990,26,0,1
2,187265,30,4,0
3,70109,54,3,1
13,170356,13,2,1
14,190305,83,0,1
8,168133,29,3,0
13,205582,3,4,1
13,41306,90,2,1
6,43849,58,0,0
0,52360,76,0,0
13,151072,2,0,1
11,134767,75,2,1
3,216872,28,3,0
3,208035,82,0,0
8,94330,77,4,1
5,91707,86,0,0
15,58689,76,3,1
8,69084,2,2,1
11,80387,7,0,1
14,114816,26,0,1
5,42642,90,4,1
5,82137,88,4,1
4,226633,76,0,0
4,102260,16,0,0
1,186510,23,4,0
7,88442,40,3,1
7,143061,60,1,1
10,174066,73,1,1
15,165844,32,0,1
12,139575,15,4,1
0,41813,13,2,0
7,133027,5,2,1
4,163489,75,1,0
1,124381,74,3,0
13,95276,52,1,1
15,81243,77,0,1
1,233984,41,3,0
13,100272,53,2,1
14,213123,50,4,1
14,249926,15,4,1
5,105618,7,0,1
15,41920,40,1,1
10,146121,28,0,1
12,248291,32,4,1
8,116872,15,2,1
0,121132,85,4,0
11,42093,70,3,1
5,52905,65,4,0
8,161759,4,4,0
7,195423,11,3,0
10,70981,26,1,1
5,113903,61,4,1
2,110821,37,0,0
7,149200,23,4,1
8,122289,85,0,0
0,156506,40,3,0
11,118513,77,4,1
8,190946,23,3,1
13,222003,16,3,1
15,178746,61,1,1
14,90516,68,4,1
15,231758,80,0,1
5,109212,31,0,0
5,173498,53,4,0
11,170970,25,1,1
3,130009,44,1,0
0,239570,12,1,0
9,201015,90,0,0
7,237467,9,3,0
15,84816,12,1,1
1,44138,69,0,0
11,131176,54,0,1
0,115945,54,3,0
1,44017,28,4,0
0,50451,56,4,1
0,234028,69,1,0
8,133863,77,1,1
12,50278,58,3,1
13,83764,78,1,1
0,163030,75,3,0
12,172206,42,0,1
3,102943,38,1,0
9,135667,68,0,0
5,94318,53,2,1
6,143423,33,3,1
1,143998,71,2,0
5,100128,56,1,1
6,61869,72,0,0
9,45039,51,1,1
13,192353,74,2,1
9,152935,43,1,1
1,50442,15,4,0
14,113788,38,2,1
1,159729,15,1,0
9,67586,5,0,1
6,93053,83,1,1
11,221561,54,0,1
0,126346,51,4,0
7,107087,10,1,1
10,183697,12,4,1
12,74397,4,2,1
2,98671,18,0,0
10,156214,80,2,1
5,106897,36,0,0
8,197221,25,4,0
5,231102,87,3,0
8,240978,76,1,0
6,176355,36,4,0
14,178682,67,0,1
15,214398,9,0,1
8,54924,61,0,0
1,153143,53,0,0
11,150253,18,1,1
7,247234,43,2,0
7,140297,35,3,1
1,40869,63,1,1
11,137088,78,0,1
13,41014,4,1,1
3,50103,41,4,0
13,150317,45,0,1
14,204530,50,3,1
10,122409,79,0,1
14,63248,28,3,1
6,214588,42,3,0
10,200133,80,2,1
3,195242,76,2,0
15,48024,69,1,1
3,125947,1,1,1
5,214875,39,3,0
9,190368,90,0,0
5,131829,17,4,0
9,132708,88,4,1
14,126664,35,0,1
2,189329,46,0,0
14,183927,42,2,1
8,125178,39,4,1
11,141121,90,3,1
9,60025,49,1,1
13,175530,62,2,1
10,103610,38,4,1
1,110843,23,0,0
5,147237,22,4,1
11,220903,4,3,1
6,214499,49,2,0
11,170299,59,0,1
12,209578,73,3,1
8,45668,68,1,1
12,218267,71,2,1
2,113233,87,3,0
9,195489,2,3,1
2,121982,49,0,0
6,146133,88,1,1
13,50751,31,3,1
3,86218,40,2,1
12,166649,48,3,1
7,47352,51,4,1
12,128835,43,2,1
6,137493,55,2,1
4,68927,88,3,1
6,212166,49,0,0
15,141948,90,2,1
2,225194,80,4,0
11,69493,57,0,1
1,244611,77,0,0
5,71707,15,0,1
1,239886,27,2,0
2,178368,68,0,0
5,196470,80,3,0
4,75842,64,0,0
15,53261,30,4,1
7,116709,36,1,1
8,135985,67,4,1
10,146616,86,2,1
2,227776,86,0,0
11,107173,49,0,1
9,71781,76,3,1
2,53652,55,0,0
2,45103,85,4,0
12,65500,56,2,1
12,140336,68,1,1
5,206601,44,0,0
14,153499,31,1,1
14,189524,58,0,1
0,89393,87,2,0
6,202246,53,4,1
11,235522,84,2,1
0,206508,79,1,0
13,87406,23,0,1
4,103059,28,1,1
14,187026,16,4,1
9,122722,37,2,1
12,52356,21,1,1
7,168128,79,1,0
3,42187,17,4,0
4,117243,37,0,0
3,75098,77,1,0
11,192297,19,4,1
11,174678,30,0,1
13,97620,45,0,1
3,203900,18,2,0
11,166270,78,4,1
7,197561,62,0,0
1,54387,36,2,0
0,109463,84,3,0
2,242904,52,4,0
15,173663,19,3,1
8,219588,44,0,0
3,131683,7,4,0
9,102061,44,2,1
4,237808,68,0,0
1,121257,34,4,0
15,101753,66,4,1
3,124774,69,3,0
1,182159,55,0,0
14,201888,10,2,1
1,63408,42,2,0
3,164116,41,0,0
5,171208,77,0,0
6,57413,69,1,1
9,153650,10,3,1
2,99500,10,0,0
2,124514,60,0,0
9,96358,51,1,1
5,106197,21,1,1
12,203926,8,4,1
11,116240,65,2,1
2,56322,78,3,0
12,153053,85,4,1
1,46968,30,0,0
7,67518,85,1,1
4,91925,49,2,1
14,230920,9,4,1
0,151900,17,2,0
2,133422,69,1,1
9,41700,58,4,1
7,133782,57,4,1
3,63199,62,2,1
15,215661,52,1,1
13,203187,61,0,1
6,233006,40,4,0
9,225388,38,0,1
11,45520,43,1,1
13,149814,63,4,1
13,207527,19,4,1
1,163364,50,0,0
6,212677,33,3,0
4,54955,13,0,0
4,215121,78,0,0
5,184989,62,3,0
12,241365,43,1,1
8,249653,49,1,1
13,104925,36,4,1
5,147216,10,2,1
11,110269,6,2,1
12,202026,57,4,1
14,243689,1,2,1
13,81458,71,0,1
7,129037,58,0,0
6,192185,21,3,0
8,139977,80,3,1
3,83939,56,4,1
1,69345,87,4,0
6,217385,20,4,0
5,150107,54,0,0
0,161866,25,2,0
10,109166,28,4,1
8,218933,5,4,0
8,137406,21,0,1
11,89298,18,0,1
1,218293,47,0,0
2,84942,70,2,0
4,43453,57,4,1
4,142811,19,1,1
14,94935,65,1,1
0,162439,3,4,0
7,214442,42,4,1
11,48328,21,4,1
7,55534,40,4,1
3,125280,67,2,0
12,76320,25,1,1
6,89170,55,3,1
14,140546,84,1,1
14,120201,52,1,1
10,48640,44,0,1
9,201121,85,4,1
2,176690,56,4,0
5,227125,55,4,0
13,172992,87,0,1
15,83937,70,2,1
9,240796,77,2,1
12,183279,87,3,1
9,236846,73,2,1
11,204044,81,2,1
13,181871,66,4,1
8,242160,19,1,0
0,199988,83,2,0
4,110463,7,2,0
3,133500,63,0,0
7,247772,42,3,0
10,77158,42,0,1
11,124607,59,4,1
0,159639,20,1,0
8,111696,73,3,1
15,101510,17,0,1
5,160076,27,2,0
3,98692,47,2,1
11,170841,2,3,1
8,232816,63,2,1
10,55810,62,0,0
4,176198,19,0,0
14,201081,17,2,1
4,151718,69,2,0
11,130932,39,4,1
4,40192,82,1,1
0,76413,71,3,1
0,183888,81,0,0
7,79082,39,3,1
11,105048,36,4,1
7,163130,40,0,0
11,90940,45,4,1
14,203202,4,4,1
14,80142,25,2,1
5,76468,69,3,0
11,201770,30,3,1
10,181727,76,2,1
12,218969,68,3,1
3,201147,88,2,0
1,180431,29,0,0
13,169048,73,4,1
1,82056,68,4,0
8,91831,51,3,1
14,99191,24,1,1
4,161948,14,4,0
3,204344,69,2,0
9,148117,18,1,1
12,54671,42,1,1
0,67048,57,4,1
6,247346,83,4,0
2,65963,12,4,0
5,83954,82,2,1
4,243381,17,1,0
4,135430,30,3,1
10,40717,88,2,1
4,51676,75,0,0
0,175506,23,4,0
0,220882,81,1,0
2,158696,1,2,0
13,170830,79,0,1
11,44994,32,2,1
9,44234,9,2,1
3,109300,15,3,0
4,83949,28,3,1
1,77405,24,2,0
7,74872,60,0,1
10,82215,35,1,1
10,63185,86,1,1
13,214514,27,4,1
1,222831,83,4,0
8,81153,76,1,1
1,117535,20,2,1
12,173653,65,2,1
8,91717,85,3,1
6,42763,49,3,1
14,132910,1,4,1
7,95480,10,1,1
14,209831,47,2,1
10,247139,59,1,1
1,158094,62,0,0
6,196379,86,1,0
11,51064,18,0,1
5,116848,46,3,1
3,77548,32,3,0
6,208017,27,4,0
15,219009,18,1,1
13,46476,39,1,1
12,222828,49,0,1
3,130101,82,3,0
15,42382,44,0,1
1,220755,72,3,0
9,216348,54,0,1
11,204474,34,3,1
6,198018,71,0,0
7,119698,36,3,1
1,245005,18,0,0
4,193407,38,1,0
0,85095,59,4,0
6,169974,9,0,0
7,67197,73,4,1
12,167619,72,1,1
15,62010,51,1,1
5,195195,35,3,0
4,127923,82,4,0
14,173962,5,2,1
5,170526,14,3,0
14,149162,30,4,1
1,160927,4,0,0
0,48026,39,0,0
6,104925,84,1,1
6,108842,64,2,0
9,73665,25,0,1
10,49277,28,4,1
9,213311,76,4,1
13,218736,66,0,1
1,88008,78,4,1
1,54683,22,4,0
0,171742,31,1,0
9,188961,23,2,1
7,226684,48,1,1
14,215607,20,2,1
7,118542,38,4,1
0,94319,55,2,0
11,132067,68,4,1
10,192711,79,4,1
7,235784,88,1,0
8,187705,89,1,0
13,205732,1,3,1
3,108975,7,0,0
0,203244,57,3,0
0,230269,12,3,0
2,141158,5,2,1
14,229919,50,4,1
15,51577,42,4,1
13,117299,12,4,1
4,60176,18,0,0
15,215458,66,2,1
4,103972,74,2,1
8,160018,79,4,0
9,212075,17,3,1
13,59996,68,0,1
11,140922,71,3,1
1,126598,62,1,1
1,75931,41,2,0
15,164168,34,2,1
5,206782,70,3,0
14,163099,45,0,1
8,74693,58,2,1
0,206812,51,3,0
8,248313,34,0,0
8,148944,44,3,0
15,247574,15,0,1
12,57374,78,4,1
8,247746,70,0,0
4,121471,50,1,1
12,85913,32,4,1
14,163683,67,3,1
8,237097,3,4,0
10,84516,86,4,1
3,127796,86,3,1
1,66069,74,3,0
12,158333,51,1,1
5,227305,67,3,0
13,124811,76,2,1
3,230121,48,2,0
5,158028,17,1,0
2,79178,7,0,0
5,72821,13,0,0
1,222799,66,2,0
1,232007,4,3,0
12,56999,10,1,1
8,233594,88,0,0
6,78712,17,0,0
2,235623,52,4,0
12,211244,6,2,1
10,73722,83,3,1
0,50625,69,1,1
7,238237,74,0,0
13,247581,9,4,1
5,46859,77,2,0
6,212681,83,2,0
8,214379,21,1,0
4,150986,24,0,0
14,61839,4,1,1
0,67216,24,1,0
11,92953,59,4,1
9,231665,3,2,1
6,243147,68,3,0
14,89522,40,2,1
4,175958,48,2,1
2,151249,54,4,0
11,47485,35,3,1
12,202527,56,0,1
8,187839,89,3,0
0,152701,40,0,0
0,199525,77,3,0
15,247352,68,1,1
0,142638,46,3,1
2,224514,78,4,0
11,222949,13,0,1
5,52226,27,2,1
9,133405,6,4,1
10,62588,17,0,1
2,202781,36,0,0
7,218860,81,2,0
13,77019,2,1,1
13,216020,77,4,1
9,105133,52,2,1
1,154444,66,2,0
13,237530,52,1,1
8,157603,43,4,0
2,198598,90,2,0
4,244565,22,1,0
9,168585,55,4,1
7,223270,67,3,0
